{
  "itemid": "minecraft:paper",
  "displayname": "§aMaddox\u0027s Phone Number",
  "nbttag": "{ench:[],HideFlags:254,display:{Lore:[0:\"§a§lUNCOMMON\"],Name:\"§aMaddox\u0027s Phone Number\"},ExtraAttributes:{id:\"AATROX_PHONE_NUMBER\"}}",
  "damage": 0,
  "lore": [
    "§a§lUNCOMMON"
  ],
  "internalname": "AATROX_PHONE_NUMBER",
  "clickcommand": "",
  "modver": "2.0.0-REL",
  "infoType": "WIKI_URL",
  "info": [
    "https://hypixel-skyblock.fandom.com/wiki/Maddox\u0027s_Phone_Number"
  ],
  "crafttext": ""
}
