{
  "itemid": "minecraft:skull",
  "displayname": "§f§f§9Acacia Birdhouse",
  "nbttag": "{HideFlags:254,SkullOwner:{Id:\"e766fabc-caef-3797-8f00-3b02d984e98e\",Properties:{textures:[0:{Value:\"eyJ0ZXh0dXJlcyI6eyJTS0lOIjp7InVybCI6Imh0dHA6Ly90ZXh0dXJlcy5taW5lY3JhZnQubmV0L3RleHR1cmUvMTllMzE2YmE0OGU1MWM2ZWI3M2NiMDY4YTJkNDY4ZjY3OGVlZDgyZDQ1MjlkNGIxMmVlYzhiZmE3ODE5YWE4NiJ9fX0=\"}]}},display:{Lore:[0:\"§8Power Stone\",1:\"\",2:\"§7Combine §a9x §7of this stone at the\",3:\"§7§6Thaumaturgist §7to permanently\",4:\"§7unlock the §aForceful §7power.\",5:\"\",6:\"§7At §6§kmmm§r §6Magical Power§7:\",7:\"§c+§kmmm❤§r §cHealth\",8:\"§c+§kmmm❁§r §cStrength\",9:\"§9+§kmmm☠§r §9Crit Damage\",10:\"\",11:\"§7Unique Power Bonus:\",12:\"§c+4⫽ Ferocity\",13:\"\",14:\"§7Requires §aCombat Skill Level XX§7!\",15:\"\",16:\"§9§lRARE POWER STONE\"],Name:\"§f§f§9Acacia Birdhouse\"},ExtraAttributes:{id:\"ACACIA_BIRDHOUSE\"}}",
  "damage": 3,
  "lore": [
    "§8Power Stone",
    "",
    "§7Combine §a9x §7of this stone at the",
    "§7§6Thaumaturgist §7to permanently",
    "§7unlock the §aForceful §7power.",
    "",
    "§7At §6§kmmm§r §6Magical Power§7:",
    "§c+§kmmm❤§r §cHealth",
    "§c+§kmmm❁§r §cStrength",
    "§9+§kmmm☠§r §9Crit Damage",
    "",
    "§7Unique Power Bonus:",
    "§c+4⫽ Ferocity",
    "",
    "§7Requires §aCombat Skill Level XX§7!",
    "",
    "§9§lRARE POWER STONE"
  ],
  "internalname": "ACACIA_BIRDHOUSE",
  "crafttext": "",
  "clickcommand": "",
  "modver": "2.1.0-REL",
  "infoType": "WIKI_URL",
  "info": [
    "https://hypixel-skyblock.fandom.com/wiki/Acacia_Birdhouse"
  ]
}