{
  "itemid": "minecraft:enchanted_book",
  "displayname": "§fEnchanted Book",
  "nbttag": "{ench:[],HideFlags:254,display:{Lore:[0:\"§9Dragon Tracer IV\",1:\"§7Arrows home towards nearby\",2:\"§7monsters if they are within §a8\",3:\"§a§7blocks.\",4:\"\",5:\"§7Use this on an item in an Anvil\",6:\"§7to apply it!\",7:\"\",8:\"§6Source:\",9:\"§aI-V: §7Enchantment Table,\",10:\"§7Feather Collection\",11:\"\",12:\"§6Applied To:\",13:\"§7- §fBow\",14:\"\",15:\"§f§lCOMMON\"],Name:\"§fEnchanted Book\"},ExtraAttributes:{id:\"AIMING;4\",enchantments:{aiming:4}}}",
  "damage": 0,
  "lore": [
    "§9Dragon Tracer IV",
    "§7Arrows home towards nearby",
    "§7monsters if they are within §a8",
    "§a§7blocks.",
    "",
    "§7Use this on an item in an Anvil",
    "§7to apply it!",
    "",
    "§6Source:",
    "§aI-V: §7Enchantment Table,",
    "§7Feather Collection",
    "",
    "§6Applied To:",
    "§7- §fBow",
    "",
    "§f§lCOMMON"
  ],
  "recipe": {
    "A1": "ARROW:8",
    "A2": "",
    "A3": "",
    "B1": "",
    "B2": "PAPER:8",
    "B3": "PAPER:8",
    "C1": "",
    "C2": "PAPER:8",
    "C3": "COMPASS:1"
  },
  "internalname": "AIMING;4",
  "clickcommand": "viewrecipe",
  "modver": "2.0.0-REL",
  "crafttext": "Requires: Feather VI",
  "infoType": ""
}
