{
  "itemid": "minecraft:potion",
  "displayname": "§fAlchemy XP Boost I Potion",
  "nbttag": "{CustomPotionEffects:[0:{Ambient:0b,Duration:20,Id:22b,Amplifier:0b}],HideFlags:254,display:{Lore:[0:\"\",1:\"§aAlchemy XP Boost I §f(12:00)\",2:\"§7Earn §a5% §7more Alchemy\",3:\"§7experience.\",4:\"\",5:\"§f§lCOMMON\"],Name:\"§fAlchemy XP Boost I Potion\"},ExtraAttributes:{potion_level:1,potion:\"alchemy_xp_boost\",effects:[0:{level:1,effect:\"alchemy_xp_boost\",duration_ticks:14400}],potion_type:\"POTION\",id:\"ALCHEMY_XP_BOOST\"}}",
  "damage": 0,
  "lore": [
    "",
    "§aAlchemy XP Boost I §f(12:00)",
    "§7Earn §a5% §7more Alchemy",
    "§7experience.",
    "",
    "§f§lCOMMON"
  ],
  "internalname": "ALCHEMY_XP_BOOST",
  "clickcommand": "",
  "modver": "1.0.0",
  "infoType": ""
}
