{
  "itemid": "minecraft:wooden_pickaxe",
  "displayname": "§cPioneer Pickaxe",
  "nbttag": "{ench:[],Unbreakable:1b,HideFlags:254,display:{Lore:[0:\"§8Breaking Power 1\",1:\"\",2:\"§7Mining Speed: §a+1\",3:\"\",4:\"§7§7§oThe very first pickaxe\",5:\"§7§omodel! Invented by the famous\",6:\"§7§oThomas Pickson.\",7:\"\",8:\"§7§8This item can be reforged!\",9:\"§c§lSPECIAL PICKAXE\"],Name:\"§cPioneer Pickaxe\"},ExtraAttributes:{originTag:\"UNKNOWN\",id:\"ALPHA_PICK\"}}",
  "damage": 0,
  "lore": [
    "§8Breaking Power 1",
    "",
    "§7Mining Speed: §a+1",
    "",
    "§7§7§oThe very first pickaxe",
    "§7§omodel! Invented by the famous",
    "§7§oThomas Pickson.",
    "",
    "§7§8This item can be reforged!",
    "§c§lSPECIAL PICKAXE"
  ],
  "internalname": "ALPHA_PICK",
  "crafttext": "",
  "clickcommand": "",
  "modver": "2.0.0-REL",
  "infoType": "WIKI_URL",
  "info": [
    "https://hypixel-skyblock.fandom.com/wiki/Pioneer_Pickaxe"
  ]
}
