{
  "itemid": "minecraft:quartz_stairs",
  "displayname": "§cAncient Elevator",
  "nbttag": "{overrideMeta:1b,HideFlags:254,display:{Lore:[0:\"§7Manual operation.\",1:\"\",2:\"§7To: §c[ADMIN] Minikloon\",3:\"§7From: §c[ADMIN] Minikloon\",4:\"\",5:\"§8Edition #1\",6:\"§8September 2020\",7:\"\",8:\"§c§lSPECIAL\"],Name:\"§cAncient Elevator\"},ExtraAttributes:{date:1600188895719L,edition:1,sender_name:\"§c[ADMIN] Minikloons§f§r§7\",id:\"ANCIENT_ELEVATOR\",recipient_name:\"§c[ADMIN] Minikloons§f§r§7\",AttributeModifiers:[]}}",
  "damage": 0,
  "lore": [
    "§7Manual operation.",
    "",
    "§7To: §c[ADMIN] Minikloon",
    "§7From: §c[ADMIN] Minikloon",
    "",
    "§8Edition #1",
    "§8September 2020",
    "",
    "§c§lSPECIAL"
  ],
  "internalname": "ANCIENT_ELEVATOR",
  "crafttext": "",
  "clickcommand": "",
  "modver": "2.0.0-REL",
  "infoType": "WIKI_URL",
  "info": [
    "https://hypixel-skyblock.fandom.com/wiki/Ancient_Elevator"
  ]
}
