{
  "itemid": "minecraft:flint",
  "displayname": "§9Ancient Claw",
  "nbttag": "{HideFlags:254,display:{Lore:[0:\"§7Drops rarely off of monsters\",1:\"§7from Diana\u0027s Mythological\",2:\"§7Ritual.\",3:\"\",4:\"§eRight-click to view recipes!\",5:\"\",6:\"§9§lRARE\"],Name:\"§9Ancient Claw\"},ExtraAttributes:{id:\"ANCIENT_CLAW\"}}",
  "damage": 0,
  "lore": [
    "§7Drops rarely off of monsters",
    "§7from Diana\u0027s Mythological",
    "§7Ritual.",
    "",
    "§eRight-click to view recipes!",
    "",
    "§9§lRARE"
  ],
  "internalname": "ANCIENT_CLAW",
  "crafttext": "",
  "clickcommand": "",
  "modver": "1.3-REL",
  "infoType": "WIKI_URL",
  "info": [
    "https://hypixel-skyblock.fandom.com/wiki/Ancient_Claw"
  ]
}
