{
  "itemid": "minecraft:red_flower",
  "displayname": "§f§f§5Antique Remedies",
  "nbttag": "{ench:[],overrideMeta:1b,HideFlags:254,display:{Lore:[0:\"§8Consumed on use\",1:\"\",2:\"§7§7Pet items can boost pets in\",3:\"§7various ways but pets can only\",4:\"§7hold 1 item at a time so choose\",5:\"§7wisely!\",6:\"\",7:\"§7§7Increases the pet\u0027s §c❁\",8:\"§cStrength §7by §a80%\",9:\"\",10:\"§7§eRight click on your pet to\",11:\"§egive it this item!\",12:\"\",13:\"§5§lEPIC PET ITEM\"],Name:\"§f§f§5Antique Remedies\"},ExtraAttributes:{id:\"ANTIQUE_REMEDIES\"},AttributeModifiers:[]}",
  "damage": 3,
  "lore": [
    "§8Consumed on use",
    "",
    "§7§7Pet items can boost pets in",
    "§7various ways but pets can only",
    "§7hold 1 item at a time so choose",
    "§7wisely!",
    "",
    "§7§7Increases the pet\u0027s §c❁",
    "§cStrength §7by §a80%",
    "",
    "§7§eRight click on your pet to",
    "§egive it this item!",
    "",
    "§5§lEPIC PET ITEM"
  ],
  "internalname": "ANTIQUE_REMEDIES",
  "crafttext": "",
  "clickcommand": "",
  "modver": "2.0.0-REL",
  "infoType": "WIKI_URL",
  "info": [
    "https://hypixel-skyblock.fandom.com/wiki/Pet_Items"
  ]
}
