{
  "itemid": "minecraft:arrow",
  "displayname": "§9Armorshred Arrow",
  "nbttag": "{ench:[],HideFlags:254,display:{Lore:[0:\"§7Damage: §c+5\",1:\"\",2:\"§6Passive: Defense Reduction\",3:\"§7Hits ignore §a5% §7of target\u0027s\",4:\"§a❈ Defense§7.\",5:\"\",6:\"§4❣ §cRequires §aCombat Skill 22§c +\",7:\"§aSand Collection 7§c + §aTarget\",8:\"§aPractice III.\",9:\"§8Stats added when shot!\",10:\"§9§lRARE ARROW\"],Name:\"§9Armorshred Arrow\"},ExtraAttributes:{id:\"ARMORSHRED_ARROW\"}}",
  "damage": 0,
  "lore": [
    "§7Damage: §c+5",
    "",
    "§6Passive: Defense Reduction",
    "§7Hits ignore §a5% §7of target\u0027s",
    "§a❈ Defense§7.",
    "",
    "§4❣ §cRequires §aCombat Skill 22§c +",
    "§aSand Collection 7§c + §aTarget",
    "§aPractice III.",
    "§8Stats added when shot!",
    "§9§lRARE ARROW"
  ],
  "internalname": "ARMORSHRED_ARROW",
  "crafttext": "",
  "clickcommand": "",
  "modver": "2.0.0-REL",
  "infoType": "WIKI_URL",
  "info": [
    "https://hypixel-skyblock.fandom.com/wiki/Arrows"
  ]
}