{
  "itemid": "minecraft:arrow",
  "displayname": "§fFlint Arrow",
  "nbttag": "{HideFlags:254,display:{Lore:[0:\"§7Damage: §c+1\",1:\"\",2:\"§8Stats added when shot!\",3:\"§f§lCOMMON ARROW\"],Name:\"§fFlint Arrow\"},ExtraAttributes:{id:\"ARROW\"}}",
  "damage": 0,
  "lore": [
    "§7Damage: §c+1",
    "",
    "§8Stats added when shot!",
    "§f§lCOMMON ARROW"
  ],
  "internalname": "ARROW",
  "crafttext": "",
  "clickcommand": "viewrecipe",
  "recipe": {
    "A1": "FLINT:1",
    "A2": "",
    "A3": "",
    "B1": "STICK:1",
    "B2": "",
    "B3": "",
    "C1": "FEATHER:1",
    "C2": "",
    "C3": ""
  },
  "modver": "2.0.0-REL",
  "infoType": "WIKI_URL",
  "vanilla": true,
  "info": [
    "https://hypixel-skyblock.fandom.com/wiki/Arrows"
  ]
}