{
  "itemid": "minecraft:skull",
  "displayname": "§9Potion Affinity Artifact",
  "nbttag": "{HideFlags:254,SkullOwner:{Id:\"63036731-6e1e-3c99-99b7-59d6628fcdaf\",Properties:{textures:[0:{Value:\"eyJ0ZXh0dXJlcyI6eyJTS0lOIjp7InVybCI6Imh0dHA6Ly90ZXh0dXJlcy5taW5lY3JhZnQubmV0L3RleHR1cmUvMzcyNDY2NjAzYmFlOTA2M2NlN2Q5NDM1MTEwMzQ2OWJlY2EzYzVmZTJiMWU5NzdlNjQyN2RlZjM3Njk5ZWM5In19fQ\u003d\u003d\"}]}},display:{Lore:[0:\"§eUnique Effect: Potion Affinity\",1:\"§7Increases the duration of any\",2:\"§7consumed Potion by §a50%§7 when\",3:\"§7held in your inventory.\",4:\"\",5:\"§9§lRARE ACCESSORY\"],Name:\"§9Potion Affinity Artifact\"},ExtraAttributes:{id:\"ARTIFACT_POTION_AFFINITY\"}}",
  "damage": 3,
  "lore": [
    "§eUnique Effect: Potion Affinity",
    "§7Increases the duration of any",
    "§7consumed Potion by §a50%§7 when",
    "§7held in your inventory.",
    "",
    "§9§lRARE ACCESSORY"
  ],
  "recipe": {
    "A1": "ENCHANTED_NETHER_STALK:32",
    "A2": "ENCHANTED_NETHER_STALK:32",
    "A3": "ENCHANTED_NETHER_STALK:32",
    "B1": "ENCHANTED_NETHER_STALK:32",
    "B2": "RING_POTION_AFFINITY:1",
    "B3": "ENCHANTED_NETHER_STALK:32",
    "C1": "ENCHANTED_NETHER_STALK:32",
    "C2": "ENCHANTED_NETHER_STALK:32",
    "C3": "ENCHANTED_NETHER_STALK:32"
  },
  "internalname": "ARTIFACT_POTION_AFFINITY",
  "clickcommand": "viewrecipe",
  "modver": "2.1.0-REL",
  "infoType": "WIKI_URL",
  "info": [
    "https://hypixel-skyblock.fandom.com/wiki/Potion_Affinity_Artifact"
  ],
  "crafttext": "Requires: Nether Wart IX"
}