{
  "itemid": "minecraft:diamond_sword",
  "displayname": "§6Atomsplit Katana",
  "nbttag": "{ench:[],Unbreakable:1b,HideFlags:254,display:{Lore:[0:\"§7Damage: §c+245\",1:\"§7Strength: §c+100\",2:\"§7Crit Damage: §c+30%\",3:\"§7Intelligence: §a+300\",4:\" §8[§8❁§8] §8[§8✎§8] §8[§8✎§8]\",5:\"\",6:\"§7Deal §a+450% §7damage to Endermen§7.\",7:\"§7§7Receive §a12% §7less damage\",8:\"§7from Endermen§7 when held.\",9:\"\",10:\"§6Ability: Soulcry §e§lRIGHT CLICK\",11:\"§7Gain §c+400⫽ Ferocity §7against\",12:\"§7Endermen for §a4s\",13:\"§7§8Soulflow Cost: §32\",14:\"§8Mana Cost: §3200\",15:\"§8Cooldown: §a4s\",16:\"\",17:\"§7§8This item can be reforged!\",18:\"§7§4☠ §cRequires §5Enderman Slayer 6\",19:\"§6§lLEGENDARY SWORD\"],Name:\"§6Atomsplit Katana\"},ExtraAttributes:{id:\"ATOMSPLIT_KATANA\"}}",
  "damage": 0,
  "lore": [
    "§7Damage: §c+245",
    "§7Strength: §c+100",
    "§7Crit Damage: §c+30%",
    "§7Intelligence: §a+300",
    " §8[§8❁§8] §8[§8✎§8] §8[§8✎§8]",
    "",
    "§7Deal §a+450% §7damage to Endermen§7.",
    "§7§7Receive §a12% §7less damage",
    "§7from Endermen§7 when held.",
    "",
    "§6Ability: Soulcry §e§lRIGHT CLICK",
    "§7Gain §c+400⫽ Ferocity §7against",
    "§7Endermen for §a4s",
    "§7§8Soulflow Cost: §32",
    "§8Mana Cost: §3200",
    "§8Cooldown: §a4s",
    "",
    "§7§8This item can be reforged!",
    "§7§4☠ §cRequires §5Enderman Slayer 6",
    "§6§lLEGENDARY SWORD"
  ],
  "recipe": {
    "A1": "",
    "A2": "NULL_BLADE:1",
    "A3": "",
    "B1": "",
    "B2": "NULL_BLADE:1",
    "B3": "",
    "C1": "",
    "C2": "VORPAL_KATANA:1",
    "C3": ""
  },
  "internalname": "ATOMSPLIT_KATANA",
  "crafttext": "",
  "clickcommand": "viewrecipe",
  "modver": "2.1.0-REL",
  "infoType": "WIKI_URL",
  "info": [
    "https://hypixel-skyblock.fandom.com/wiki/Atomsplit_Katana"
  ]
}