{
  "itemid": "minecraft:skull",
  "displayname": "§9Bait Ring",
  "nbttag": "{HideFlags:254,SkullOwner:{Id:\"21d6b7cb-970f-3bc9-bf72-904a2fd3ebb2\",Properties:{textures:[0:{Value:\"eyJ0ZXh0dXJlcyI6eyJTS0lOIjp7InVybCI6Imh0dHA6Ly90ZXh0dXJlcy5taW5lY3JhZnQubmV0L3RleHR1cmUvNWEzMTZkNTg1Yjc4OWI1ODJmMmQ5OWU4ZTZjYjJkNzA0MzNlODk5NmZhYjAyNGE3NGJjNzkwZTIyYWVkY2RlYiJ9fX0\u003d\"}]}},display:{Lore:[0:\"§7§a5.0%§7 chance not to consume\",1:\"§7bait.\",2:\"\",3:\"§eRight-click to view recipes!\",4:\"\",5:\"§9§lRARE ACCESSORY\"],Name:\"§9Bait Ring\"},ExtraAttributes:{id:\"BAIT_RING\"}}",
  "damage": 3,
  "lore": [
    "§7§a5.0%§7 chance not to consume",
    "§7bait.",
    "",
    "§eRight-click to view recipes!",
    "",
    "§9§lRARE ACCESSORY"
  ],
  "recipe": {
    "A1": "ENCHANTED_INK_SACK:32",
    "A2": "ENCHANTED_INK_SACK:32",
    "A3": "ENCHANTED_INK_SACK:32",
    "B1": "ENCHANTED_INK_SACK:32",
    "B2": "ENCHANTED_INK_SACK:32",
    "B3": "ENCHANTED_INK_SACK:32",
    "C1": "ENCHANTED_INK_SACK:32",
    "C2": "ENCHANTED_INK_SACK:32",
    "C3": "ENCHANTED_INK_SACK:32"
  },
  "internalname": "BAIT_RING",
  "clickcommand": "viewrecipe",
  "modver": "2.1.0-REL",
  "infoType": "WIKI_URL",
  "info": [
    "https://hypixel-skyblock.fandom.com/wiki/Bait_Ring"
  ],
  "crafttext": "Requires: Ink Sack VIII"
}