{
  "itemid": "minecraft:enchanted_book",
  "displayname": "§f§f§5Enchanted Book",
  "nbttag": "{display:{Lore:[0:\"§9Bane of Arthropods VII\",1:\"§7Increases damage dealt to\",2:\"§7§7Silverfish§7, §7Spiders§7, and\",3:\"§7§7Cave Spiders§7 by §a100%§7.\",4:\"\",5:\"§7Use this on an item in an Anvil\",6:\"§7to apply it!\",7:\"\",8:\"§6Source:\",9:\"§aVII: §7Experiments\",10:\"\",11:\"§6Applied To:\",12:\"§7- §fSword\",13:\"§7- §fFishing Weapon\",14:\"§7- §fGauntlet\",15:\"\",16:\"§6Conflicts:\",17:\"§7- §cSmite\",18:\"§7- §cSharpness\",19:\"\",20:\"§5§lEPIC\"],Name:\"§f§f§5Enchanted Book\"},ExtraAttributes:{id:\"BANE_OF_ARTHROPODS;7\",enchantments:{bane_of_arthropods:7}}}",
  "damage": 0,
  "lore": [
    "§9Bane of Arthropods VII",
    "§7Increases damage dealt to",
    "§7§7Silverfish§7, §7Spiders§7, and",
    "§7§7Cave Spiders§7 by §a100%§7.",
    "",
    "§7Use this on an item in an Anvil",
    "§7to apply it!",
    "",
    "§6Source:",
    "§aVII: §7Experiments",
    "",
    "§6Applied To:",
    "§7- §fSword",
    "§7- §fFishing Weapon",
    "§7- §fGauntlet",
    "",
    "§6Conflicts:",
    "§7- §cSmite",
    "§7- §cSharpness",
    "",
    "§5§lEPIC"
  ],
  "internalname": "BANE_OF_ARTHROPODS;7",
  "crafttext": "",
  "clickcommand": "",
  "modver": "2.1.0-REL",
  "infoType": ""
}