{
  "itemid": "minecraft:skull",
  "displayname": "§5Basket of Seeds",
  "nbttag": "{HideFlags:254,SkullOwner:{Id:\"f51f3409-e6be-3151-8289-98b7dc91c656\",Properties:{textures:[0:{Value:\"eyJ0ZXh0dXJlcyI6eyJTS0lOIjp7InVybCI6Imh0dHA6Ly90ZXh0dXJlcy5taW5lY3JhZnQubmV0L3RleHR1cmUvN2E2YmY5MTZlMjhjY2I4MGI0ZWJmYWNmOTg2ODZhZDZhZjdjNGZiMjU3ZTU3YThjYjc4YzcxZDE5ZGNjYjIifX19\"}]}},display:{Lore:[0:\"\",1:\"§6Ability: Seed Storage §e§lLEFT CLICK\",2:\"§7Place seeds in the basket.\",3:\"\",4:\"§6Ability: Farmer\u0027s Delight §e§lRIGHT CLICK\",5:\"§7Automatically seed a row of\",6:\"§7farmland.\",7:\"\",8:\"§5§lEPIC\"],Name:\"§5Basket of Seeds\"},ExtraAttributes:{basket_of_seeds_data:[0:\"198 bytes\"],id:\"BASKET_OF_SEEDS\"}}",
  "damage": 3,
  "lore": [
    "",
    "§6Ability: Seed Storage §e§lLEFT CLICK",
    "§7Place seeds in the basket.",
    "",
    "§6Ability: Farmer\u0027s Delight §e§lRIGHT CLICK",
    "§7Automatically seed a row of",
    "§7farmland.",
    "",
    "§5§lEPIC"
  ],
  "internalname": "BASKET_OF_SEEDS",
  "crafttext": "",
  "clickcommand": "",
  "modver": "2.0.0-REL",
  "infoType": "WIKI_URL",
  "info": [
    "https://hypixel-skyblock.fandom.com/wiki/Basket_Of_Seeds"
  ]
}
