{
  "internalname": "BAT_RING",
  "itemid": "minecraft:skull",
  "displayname": "§5Bat Ring",
  "clickcommand": "",
  "damage": 3,
  "nbttag": "{HideFlags:254,SkullOwner:{Id:\"462d81ae-7f76-354c-b29e-5250f8ae54cc\",Properties:{textures:[0:{Value:\"eyJ0ZXh0dXJlcyI6eyJTS0lOIjp7InVybCI6Imh0dHA6Ly90ZXh0dXJlcy5taW5lY3JhZnQubmV0L3RleHR1cmUvOTNjOGFhM2ZkZTI5NWZhOWY5YzI3ZjczNGJkYmFiMTFkMzNhMmU0M2U4NTVhY2NkNzQ2NTM1MjM3NzQxM2IifX19\"}]}},display:{Lore:[0:\"§7Health: §a+3\",1:\"§7Speed: §a+2\",2:\"§7Intelligence: §a+2\",3:\"\",4:\"§5§lEPIC ACCESSORY\"],Name:\"§5Bat Ring\"},ExtraAttributes:{id:\"BAT_RING\"}}",
  "modver": "2.1.0-REL",
  "lore": [
    "§7Health: §a+3",
    "§7Speed: §a+2",
    "§7Intelligence: §a+2",
    "",
    "§5§lEPIC ACCESSORY"
  ],
  "infoType": "WIKI_URL",
  "info": [
    "https://hypixel-skyblock.fandom.com/wiki/Bat_Ring"
  ],
  "crafttext": ""
}