{
  "internalname": "BAT_TALISMAN",
  "itemid": "minecraft:skull",
  "displayname": "§9Bat Talisman",
  "clickcommand": "",
  "damage": 3,
  "nbttag": "{HideFlags:254,SkullOwner:{Id:\"2f912e26-6ec8-33a2-96df-ba182c3ea100\",Properties:{textures:[0:{Value:\"eyJ0ZXh0dXJlcyI6eyJTS0lOIjp7InVybCI6Imh0dHA6Ly90ZXh0dXJlcy5taW5lY3JhZnQubmV0L3RleHR1cmUvOWU5OWRlZWY5MTlkYjY2YWMyYmQyOGQ2MzAyNzU2Y2NkNTdjN2Y4YjEyYjlkY2E4ZjQxYzNlMGEwNGFjMWNjIn19fQ\u003d\u003d\"}]}},display:{Lore:[0:\"§7Health: §a+1\",1:\"§7Speed: §a+1\",2:\"§7Intelligence: §a+1\",3:\"\",4:\"§9§lRARE ACCESSORY\"],Name:\"§9Bat Talisman\"},ExtraAttributes:{id:\"BAT_TALISMAN\"}}",
  "modver": "2.1.0-REL",
  "lore": [
    "§7Health: §a+1",
    "§7Speed: §a+1",
    "§7Intelligence: §a+1",
    "",
    "§9§lRARE ACCESSORY"
  ],
  "infoType": "WIKI_URL",
  "info": [
    "https://hypixel-skyblock.fandom.com/wiki/Bat_Talisman"
  ],
  "crafttext": ""
}