{
  "internalname": "BAT_THE_FISH",
  "itemid": "minecraft:cooked_fish",
  "displayname": "§cBat the Fish",
  "clickcommand": "",
  "damage": 0,
  "nbttag": "{ench:[],HideFlags:254,display:{Lore:[0:\"§7Where is my cape\",1:\"\",2:\"§c§lSPECIAL\"],Name:\"§cBat the Fish\"},ExtraAttributes:{id:\"BAT_THE_FISH\"}}",
  "modver": "1.0.0",
  "lore": [
    "§7Where is my cape",
    "",
    "§c§lSPECIAL"
  ],
  "infoType": "WIKI_URL",
  "info": [
    "https://hypixel-skyblock.fandom.com/wiki/Bat_the_Fish"
  ]
}
