{
  "internalname": "BEACH_BALL",
  "itemid": "minecraft:skull",
  "displayname": "§fBeach Ball",
  "clickcommand": "",
  "damage": 3,
  "nbttag": "{HideFlags:254,SkullOwner:{Id:\"a84ff924-0208-385e-a59a-bc6733cfd49d\",Properties:{textures:[0:{Value:\"eyJ0ZXh0dXJlcyI6eyJTS0lOIjp7InVybCI6Imh0dHA6Ly90ZXh0dXJlcy5taW5lY3JhZnQubmV0L3RleHR1cmUvNWE1YWIwNWVhMjU0YzMyZTNjNDhmM2ZkY2Y5ZmQ5ZDc3ZDNjYmEwNGU2YjVlYzJlNjhiM2NiZGNmYWMzZmQifX19\"}]}},display:{Lore:[0:\"§f§lCOMMON\"],Name:\"§fBeach Ball\"},ExtraAttributes:{id:\"BEACH_BALL\"}}",
  "modver": "2.0.0-REL",
  "lore": [
    "§f§lCOMMON"
  ],
  "infoType": "WIKI_URL",
  "info": [
    "https://hypixel-skyblock.fandom.com/wiki/Furniture"
  ]
}
