{
  "itemid": "minecraft:skull",
  "displayname": "§5Beastmaster Crest",
  "nbttag": "{HideFlags:254,SkullOwner:{Id:\"367cd0f2-adc7-3bc1-af47-a14feebe3e5f\",Properties:{textures:[0:{Value:\"eyJ0ZXh0dXJlcyI6eyJTS0lOIjp7InVybCI6Imh0dHA6Ly90ZXh0dXJlcy5taW5lY3JhZnQubmV0L3RleHR1cmUvNTM0MTU2NjdkZTNmYjg5YzVmNDBjODgwYzM5ZTQ5NzFhMGNhYTdmM2E5ZDJjOGY3MTJiYTM3ZmFkY2VlIn19fQ\u003d\u003d\"}]}},display:{Lore:[0:\"§7Health: §a+0.2\",1:\"§7Intelligence: §a+0.2\",2:\"\",3:\"§7Pet Exp Boost: §a+0.4%\",4:\"\",5:\"§7Gains stats based on how many\",6:\"§7mythological creatures and Minos\",7:\"§7followers you\u0027ve slain.\",8:\"\",9:\"§7Your kills: §2§k0§8/25\",10:\"\",11:\"§5§lEPIC ACCESSORY\"],Name:\"§5Beastmaster Crest\"},ExtraAttributes:{id:\"BEASTMASTER_CREST_EPIC\"}}",
  "damage": 3,
  "lore": [
    "§7Health: §a+0.2",
    "§7Intelligence: §a+0.2",
    "",
    "§7Pet Exp Boost: §a+0.4%",
    "",
    "§7Gains stats based on how many",
    "§7mythological creatures and Minos",
    "§7followers you\u0027ve slain.",
    "",
    "§7Your kills: §2§k0§8/25",
    "",
    "§5§lEPIC ACCESSORY"
  ],
  "recipe": {
    "A1": "GRIFFIN_FEATHER:32",
    "A2": "ENCHANTED_ANCIENT_CLAW:1",
    "A3": "GRIFFIN_FEATHER:32",
    "B1": "ENCHANTED_ANCIENT_CLAW:1",
    "B2": "BEASTMASTER_CREST_RARE:1",
    "B3": "ENCHANTED_ANCIENT_CLAW:1",
    "C1": "GRIFFIN_FEATHER:32",
    "C2": "ENCHANTED_ANCIENT_CLAW:1",
    "C3": "GRIFFIN_FEATHER:32"
  },
  "internalname": "BEASTMASTER_CREST_EPIC",
  "crafttext": "",
  "clickcommand": "viewrecipe",
  "modver": "2.1.0-REL",
  "infoType": "WIKI_URL",
  "info": [
    "https://hypixel-skyblock.fandom.com/wiki/Beastmaster_Crest"
  ]
}