{
  "itemid": "minecraft:skull",
  "displayname": "§fBeastmaster Crest",
  "nbttag": "{HideFlags:254,SkullOwner:{Id:\"367cd0f2-adc7-3bc1-af47-a14feebe3e5f\",Properties:{textures:[0:{Value:\"eyJ0ZXh0dXJlcyI6eyJTS0lOIjp7InVybCI6Imh0dHA6Ly90ZXh0dXJlcy5taW5lY3JhZnQubmV0L3RleHR1cmUvNTM0MTU2NjdkZTNmYjg5YzVmNDBjODgwYzM5ZTQ5NzFhMGNhYTdmM2E5ZDJjOGY3MTJiYTM3ZmFkY2VlIn19fQ\u003d\u003d\"}]}},display:{Lore:[0:\"§7Pet Exp Boost: §a+0.1%\",1:\"\",2:\"§7Gains stats based on how many\",3:\"§7mythological creatures and Minos\",4:\"§7followers you\u0027ve slain.\",5:\"\",6:\"§7Your kills: §2§k0§8/25\",7:\"\",8:\"§f§lCOMMON ACCESSORY\"],Name:\"§fBeastmaster Crest\"},ExtraAttributes:{id:\"BEASTMASTER_CREST_COMMON\"}}",
  "damage": 3,
  "lore": [
    "§7Pet Exp Boost: §a+0.1%",
    "",
    "§7Gains stats based on how many",
    "§7mythological creatures and Minos",
    "§7followers you\u0027ve slain.",
    "",
    "§7Your kills: §2§k0§8/25",
    "",
    "§f§lCOMMON ACCESSORY"
  ],
  "recipe": {
    "A1": "GRIFFIN_FEATHER:1",
    "A2": "ANCIENT_CLAW:10",
    "A3": "GRIFFIN_FEATHER:1",
    "B1": "ANCIENT_CLAW:10",
    "B2": "MILK_BUCKET:1",
    "B3": "ANCIENT_CLAW:10",
    "C1": "GRIFFIN_FEATHER:1",
    "C2": "ANCIENT_CLAW:10",
    "C3": "GRIFFIN_FEATHER:1"
  },
  "internalname": "BEASTMASTER_CREST_COMMON",
  "crafttext": "",
  "clickcommand": "viewrecipe",
  "modver": "2.1.0-REL",
  "infoType": "WIKI_URL",
  "info": [
    "https://hypixel-skyblock.fandom.com/wiki/Beastmaster_Crest"
  ]
}