{
  "itemid": "minecraft:skull",
  "displayname": "§f§f§9Beating Heart",
  "nbttag": "{HideFlags:254,SkullOwner:{Id:\"fa6441c8-e2df-3e28-8365-08cb38364943\",Properties:{textures:[0:{Value:\"eyJ0ZXh0dXJlcyI6eyJTS0lOIjp7InVybCI6Imh0dHA6Ly90ZXh0dXJlcy5taW5lY3JhZnQubmV0L3RleHR1cmUvYTMzODM0N2M4YTg0NTY2MDJmM2JkOWFlNzhhZDM4M2E3ZGU2YjU2OWJiNjBiY2Y3ZjdiNDM0NWYwZWY2NDA0NSJ9fX0K\"}]}},display:{Lore:[0:\"§8Power Stone\",1:\"\",2:\"§7Combine §a9x §7of this stone at the\",3:\"§7§6Thaumaturgist §7to permanently\",4:\"§7unlock the §aBloody §7power.\",5:\"\",6:\"§7At §6§kmmm§r §6Magical Power§7:\",7:\"§c+§kmmm❁§r §cStrength\",8:\"§b+§kmmm✎§r §bIntelligence\",9:\"§9+§kmmm☠§r §9Crit Damage\",10:\"\",11:\"§7Unique Power Bonus:\",12:\"§e+10⚔ Bonus Attack Speed\",13:\"\",14:\"§7Requires §aCombat Skill Level XX§7!\",15:\"\",16:\"§9§lRARE POWER STONE\"],Name:\"§f§f§9Beating Heart\"},ExtraAttributes:{originTag:\"UNKNOWN\",id:\"BEATING_HEART\"}}",
  "damage": 3,
  "lore": [
    "§8Power Stone",
    "",
    "§7Combine §a9x §7of this stone at the",
    "§7§6Thaumaturgist §7to permanently",
    "§7unlock the §aBloody §7power.",
    "",
    "§7At §6§kmmm§r §6Magical Power§7:",
    "§c+§kmmm❁§r §cStrength",
    "§b+§kmmm✎§r §bIntelligence",
    "§9+§kmmm☠§r §9Crit Damage",
    "",
    "§7Unique Power Bonus:",
    "§e+10⚔ Bonus Attack Speed",
    "",
    "§7Requires §aCombat Skill Level XX§7!",
    "",
    "§9§lRARE POWER STONE"
  ],
  "internalname": "BEATING_HEART",
  "crafttext": "",
  "clickcommand": "",
  "modver": "2.1.0-REL",
  "infoType": "WIKI_URL",
  "info": [
    "https://hypixel-skyblock.fandom.com/wiki/Beating_Heart"
  ]
}