{
  "itemid": "minecraft:bedrock",
  "displayname": "§6Bedrock",
  "nbttag": "{HideFlags:254,display:{Lore:[0:\"§7§cI guess you have this now.\",1:\"\",3:\"§6§lLEGENDARY\"],Name:\"§6Bedrock\"},ExtraAttributes:{id:\"BEDROCK\"}}",
  "damage": 0,
  "lore": [
    "§7§cI guess you have this now.",
    "",
    "§6§lLEGENDARY"
  ],
  "internalname": "BEDROCK",
  "crafttext": "",
  "clickcommand": "",
  "modver": "2.0.0-REL",
  "infoType": "WIKI_URL",
  "info": [
    "https://hypixel-skyblock.fandom.com/wiki/Bedrock"
  ]
}
