{
  "itemid": "minecraft:skull",
  "displayname": "§fBingo Talisman",
  "nbttag": "{HideFlags:254,SkullOwner:{Id:\"8f62fe53-7a58-3142-ac17-18b1bfcacd3c\",Properties:{textures:[0:{Value:\"eyJ0ZXh0dXJlcyI6eyJTS0lOIjp7InVybCI6Imh0dHA6Ly90ZXh0dXJlcy5taW5lY3JhZnQubmV0L3RleHR1cmUvMmYyNTk0NGI3NDY1ZmY0NTg2YTM0MWY4ODFmNDg4YjZmOWQ0YjNmZmMxMDBmNTBhNzcwODcwNzViM2NlYjFiIn19fQ\u003d\u003d\"}]}},display:{Lore:[0:\"§7B.I.N.G.O.\",1:\"\",2:\"§7§cRequires §aⒷ Bingo Rank I§c!\",3:\"§f§lCOMMON ACCESSORY\"],Name:\"§fBingo Talisman\"},ExtraAttributes:{id:\"BINGO_TALISMAN\"}}",
  "damage": 3,
  "lore": [
    "§7B.I.N.G.O.",
    "",
    "§7§cRequires §aⒷ Bingo Rank I§c!",
    "§f§lCOMMON ACCESSORY"
  ],
  "internalname": "BINGO_TALISMAN",
  "crafttext": "",
  "clickcommand": "",
  "modver": "2.1.0-REL",
  "infoType": "WIKI_URL",
  "info": [
    "https://hypixel-skyblock.fandom.com/wiki/Bingo_Talisman"
  ]
}