{
  "itemid": "minecraft:paper",
  "displayname": "§cBingo Card",
  "nbttag": "{HideFlags:254,display:{Lore:[0:\"§7Obtained during the §61st Bingo\",1:\"§6Event §7during §aDecember 2021\",2:\"§a§7for completing the entire\",3:\"§7Bingo Card!\",4:\"\",5:\"§7Player: §c§kEisengolem\",6:\"§7Playtime: §a§k69§ah\",7:\"\",8:\"§c§lSPECIAL\"],Name:\"§cBingo Card\"},ExtraAttributes:{bingo_event:0,originTag:\"UNKNOWN\",id:\"BINGO_CARD\"}}",
  "damage": 0,
  "lore": [
    "§7Obtained during the §61st Bingo",
    "§6Event §7during §aDecember 2021",
    "§a§7for completing the entire",
    "§7Bingo Card!",
    "",
    "§7Player: §c§kEisengolem",
    "§7Playtime: §a§k69§ah",
    "",
    "§c§lSPECIAL"
  ],
  "internalname": "BINGO_CARD",
  "crafttext": "",
  "clickcommand": "",
  "modver": "2.0.0-REL",
  "infoType": "WIKI_URL",
  "info": [
    "https://hypixel-skyblock.fandom.com/wiki/Bingo_Card_(Item)"
  ]
}