{
  "itemid": "minecraft:skull",
  "displayname": "§5Bird House",
  "nbttag": "{HideFlags:254,SkullOwner:{Id:\"538462ad-4187-3a7e-8f9d-572054c0574c\",Properties:{textures:[0:{Value:\"eyJ0ZXh0dXJlcyI6eyJTS0lOIjp7InVybCI6Imh0dHA6Ly90ZXh0dXJlcy5taW5lY3JhZnQubmV0L3RleHR1cmUvYzVhMzViNWNhMTUyNjg2ODVjNDY2MDUzNWU1ODgzZDIxYTVlYzU3YzU1ZDM5NzIzNDI2OWFjYjVkYzI5NTRmIn19fQ\u003d\u003d\"}]}},display:{Lore:[0:\"§8Furniture\",1:\"\",2:\"§7This exclusive Easter cosmetic\",3:\"§7can be placed on your island or\",4:\"§7traded.\",5:\"\",6:\"§5§lEPIC\"],Name:\"§5Bird House\"},ExtraAttributes:{id:\"BIRD_HOUSE\"}}",
  "damage": 3,
  "lore": [
    "§8Furniture",
    "",
    "§7This exclusive Easter cosmetic",
    "§7can be placed on your island or",
    "§7traded.",
    "",
    "§5§lEPIC"
  ],
  "internalname": "BIRD_HOUSE",
  "crafttext": "",
  "clickcommand": "",
  "modver": "2.1.0-REL",
  "infoType": "WIKI_URL",
  "info": [
    "https://hypixel-skyblock.fandom.com/wiki/Furniture"
  ]
}
