{
  "itemid": "minecraft:skull",
  "displayname": "§fBitter Iced Tea",
  "nbttag": "{HideFlags:254,SkullOwner:{Id:\"df81ba70-740d-3b44-968d-4f75b4dd4bd3\",Properties:{textures:[0:{Value:\"eyJ0ZXh0dXJlcyI6eyJTS0lOIjp7InVybCI6Imh0dHA6Ly90ZXh0dXJlcy5taW5lY3JhZnQubmV0L3RleHR1cmUvZTZmNGU4NDc5NWMxNmRhYTNkZjc5NTM4ZjJlYjdhOWRiNmJjMjQ4OGYyMTUzMzEzM2IyNjZhNWZmOWQyYjFmMSJ9fX0\u003d\"}]}},display:{Lore:[0:\"§8Basic Brew\",1:\"\",2:\"§7Use this item in place of\",3:\"§7an Awkward Potion for\",4:\"§7certain potions.\",5:\"\",6:\"§7Buffs the §b✎ Mana §7and\",7:\"§7§bExperience §7values of\",8:\"§7potions by §a+20%§7.\",9:\"\",10:\"§f§lCOMMON\"],Name:\"§fBitter Iced Tea\"},ExtraAttributes:{id:\"BITTER_ICE_TEA\"}}",
  "damage": 3,
  "lore": [
    "§8Basic Brew",
    "",
    "§7Use this item in place of",
    "§7an Awkward Potion for",
    "§7certain potions.",
    "",
    "§7Buffs the §b✎ Mana §7and",
    "§7§bExperience §7values of",
    "§7potions by §a+20%§7.",
    "",
    "§f§lCOMMON"
  ],
  "internalname": "BITTER_ICE_TEA",
  "clickcommand": "",
  "modver": "2.1.0-REL",
  "infoType": "WIKI_URL",
  "info": [
    "https://hypixel-skyblock.fandom.com/wiki/Brews"
  ]
}