{
  "itemid": "minecraft:red_mushroom",
  "displayname": "§f§f§9Bonzo Fragment",
  "nbttag": "{ench:[],overrideMeta:1b,HideFlags:254,display:{Lore:[0:\"§eRight-click to view recipes!\",1:\"\",2:\"§9§lRARE DUNGEON ITEM\"],Name:\"§f§f§9Bonzo Fragment\"},ExtraAttributes:{id:\"BONZO_FRAGMENT\"},AttributeModifiers:[]}",
  "damage": 0,
  "lore": [
    "§eRight-click to view recipes!",
    "",
    "§9§lRARE DUNGEON ITEM"
  ],
  "internalname": "BONZO_FRAGMENT",
  "crafttext": "",
  "clickcommand": "",
  "modver": "1.5-REL",
  "infoType": "WIKI_URL",
  "info": [
    "https://hypixel-skyblock.fandom.com/wiki/Bonzo_Fragment"
  ]
}
