{
  "itemid": "minecraft:bookshelf",
  "displayname": "§fBookshelf",
  "nbttag": "{HideFlags:254,display:{Lore:[0:\"§f§lCOMMON\"],Name:\"§fBookshelf\"},ExtraAttributes:{id:\"BOOKSHELF\"}}",
  "damage": 0,
  "lore": [
    "§f§lCOMMON"
  ],
  "internalname": "BOOKSHELF",
  "modver": "1.3-REL",
  "vanilla": true,
  "clickcommand": "viewrecipe",
  "recipe": {
    "A1": "WOOD:1",
    "A2": "WOOD:1",
    "A3": "WOOD:1",
    "B1": "BOOK:1",
    "B2": "BOOK:1",
    "B3": "BOOK:1",
    "C1": "WOOD:1",
    "C2": "WOOD:1",
    "C3": "WOOD:1"
  },
  "infoType": "WIKI_URL",
  "info": [
    "https://hypixel-skyblock.fandom.com/wiki/Bookshelf"
  ]
}
