{
  "itemid": "minecraft:iron_boots",
  "displayname": "§f§f§5Boots of the Pack",
  "nbttag": "{overrideMeta:1b,Unbreakable:1b,HideFlags:254,display:{Lore:[0:\"§7Health: §a+50\",1:\"§7Defense: §a+45\",2:\"\",3:\"§7Gain §a+50❈ Defense §7against animals.\",4:\"§7Gain §f+5❂ True Defense §7aswell.\",5:\"\",6:\"§6Full Set Bonus: §cArmor of the Pack\",7:\"§7Gain §c+35❁ Strength §7and\",8:\"§7§a+80❈ Defense §7for each\",9:\"§7§cArmor of the Pack §7wearers\",10:\"§7within §a30 §7blocks.\",11:\"§8Max of 3 players\",12:\"\",13:\"§4☠ §cRequires §5Wolf Slayer 6\",14:\"§5§lEPIC BOOTS\"],Name:\"§f§f§5Boots of the Pack\"},ExtraAttributes:{modifier:\"godly\",id:\"BOOTS_OF_THE_PACK\"},AttributeModifiers:[]}",
  "damage": 0,
  "lore": [
    "§7Health: §a+50",
    "§7Defense: §a+45",
    "",
    "§7Gain §a+50❈ Defense §7against animals.",
    "§7Gain §f+5❂ True Defense §7aswell.",
    "",
    "§6Full Set Bonus: §cArmor of the Pack",
    "§7Gain §c+35❁ Strength §7and",
    "§7§a+80❈ Defense §7for each",
    "§7§cArmor of the Pack §7wearers",
    "§7within §a30 §7blocks.",
    "§8Max of 3 players",
    "",
    "§4☠ §cRequires §5Wolf Slayer 6",
    "§5§lEPIC BOOTS"
  ],
  "recipe": {
    "A1": "",
    "A2": "",
    "A3": "",
    "B1": "GOLDEN_TOOTH:1",
    "B2": "",
    "B3": "GOLDEN_TOOTH:1",
    "C1": "ENCHANTED_MUTTON:32",
    "C2": "",
    "C3": "ENCHANTED_MUTTON:32"
  },
  "slayer_req": "WOLF_6",
  "internalname": "BOOTS_OF_THE_PACK",
  "clickcommand": "viewrecipe",
  "modver": "2.0.0-REL",
  "infoType": "WIKI_URL",
  "info": [
    "https://hypixel-skyblock.fandom.com/wiki/Armor_of_the_Pack"
  ],
  "crafttext": ""
}