{
  "itemid": "minecraft:skull",
  "displayname": "§6Boss Corleone (Boss)",
  "nbttag": "{ench:[],HideFlags:254,SkullOwner:{Id:\"edc502ab-c144-3389-adc5-02abc144f389\",Properties:{textures:[0:{Value:\"e3RleHR1cmVzOntTS0lOOnt1cmw6Imh0dHA6Ly90ZXh0dXJlcy5taW5lY3JhZnQubmV0L3RleHR1cmUvZmFmMGIwMzYwZjU2MjlhMzhhMDc0Y2Q5MjliNTlmMjc2OWIyZDA3NTJhNWQzNzJjNTQ2OWEzNzJhNTY3ZDkxOCJ9fX0\u003d\"}]}},display:{Lore:[0:\"§7Prepare for trouble!\",1:\"\",2:\"§c❤ Health§8: §c1.000.000\",3:\"§7Coins per Kill: §650\",4:\"\",5:\"§6§lPossible Drops:\",6:\"§fCommon Loot\",7:\"§8 ■ §f❤ Rough Ruby Gemstone §8x8-27x\",8:\"§8 ■ §f☘ Rough Jade Gemstone §8x8-41x\",9:\"\",10:\"§aUncommon Loot\",11:\"§8 ■ §5Corleonite §8(§a2%§8)\"],Name:\"§6Boss Corleone (Boss)\"},ExtraAttributes:{id:\"BOSS_CORLEONE_BOSS\"}}",
  "damage": 3,
  "lore": [
    "§7Prepare for trouble!",
    "",
    "§c❤ Health§8: §c1.000.000",
    "§7Coins per Kill: §650",
    "",
    "§6§lPossible Drops:",
    "§fCommon Loot",
    "§8 ■ §f❤ Rough Ruby Gemstone §8x8-27x",
    "§8 ■ §f☘ Rough Jade Gemstone §8x8-41x",
    "",
    "§aUncommon Loot",
    "§8 ■ §5Corleonite §8(§a2%§8)"
  ],
  "internalname": "BOSS_CORLEONE_BOSS",
  "clickcommand": "",
  "modver": "2.0.0-REL",
  "infoType": "WIKI_URL",
  "info": [
    "https://hypixel-skyblock.fandom.com/wiki/Team_Treasurite"
  ],
  "crafttext": ""
}