{
  "itemid": "minecraft:leather_leggings",
  "displayname": "§aBronze Hunter Leggings",
  "nbttag": "{Unbreakable:1b,HideFlags:254,display:{Lore:[0:\"§7Health: §a+150\",1:\"§7Defense: §a+150\",2:\" §8[§7⚔§8]\",3:\"\",4:\"§6Full Set Bonus: Peace Treaty\",5:\"§7Gain immunity to Sea Creatures\",6:\"§7but they are immune to you and\",7:\"§7you can no longer catch them.\",8:\"\",9:\"§7§8This item can be reforged!\",10:\"§7§4❣ §cRequires §cNovice Trophy\",11:\"§cFisher.\",12:\"§8§l* §8Soulbound §8§l*\",13:\"§a§lUNCOMMON LEGGINGS\"],Name:\"§aBronze Hunter Leggings\"},ExtraAttributes:{id:\"BRONZE_HUNTER_LEGGINGS\"}}",
  "damage": 0,
  "lore": [
    "§7Health: §a+150",
    "§7Defense: §a+150",
    " §8[§7⚔§8]",
    "",
    "§6Full Set Bonus: Peace Treaty",
    "§7Gain immunity to Sea Creatures",
    "§7but they are immune to you and",
    "§7you can no longer catch them.",
    "",
    "§7§8This item can be reforged!",
    "§7§4❣ §cRequires §cNovice Trophy",
    "§cFisher.",
    "§8§l* §8Soulbound §8§l*",
    "§a§lUNCOMMON LEGGINGS"
  ],
  "internalname": "BRONZE_HUNTER_LEGGINGS",
  "crafttext": "",
  "clickcommand": "",
  "modver": "2.1.0-REL",
  "infoType": ""
}