{
  "itemid": "minecraft:skull",
  "displayname": "§fChesto Berry",
  "nbttag": "{HideFlags:254,SkullOwner:{Id:\"9cb47c37-b64b-3616-8103-2624431f878d\",Properties:{textures:[0:{Value:\"eyJ0ZXh0dXJlcyI6eyJTS0lOIjp7InVybCI6Imh0dHA6Ly90ZXh0dXJlcy5taW5lY3JhZnQubmV0L3RleHR1cmUvNDM2ZjRmZjE4M2NiYWE0OTEyMjQ1NTYxNDkxMWI4NDk0MmI1ZjkyZDRkODJjYzNiODkwYmNjN2Q1N2M2In19fQ\"}]}},display:{Lore:[0:\"§8Decoration item\",1:\"\",2:\"§f§lCOMMON\"],Name:\"§fChesto Berry\"},ExtraAttributes:{id:\"BUILDER_CHESTO_BERRY\"}}",
  "damage": 3,
  "lore": [
    "§8Decoration item",
    "",
    "§f§lCOMMON"
  ],
  "internalname": "BUILDER_CHESTO_BERRY",
  "crafttext": "",
  "clickcommand": "",
  "modver": "2.0.0-REL",
  "infoType": "WIKI_URL",
  "info": [
    "https://hypixel-skyblock.fandom.com/wiki/Decorations"
  ]
}
