{
  "itemid": "minecraft:skull",
  "displayname": "§fMelon",
  "nbttag": "{HideFlags:254,SkullOwner:{Id:\"4958989c-6d16-3445-8b46-3f91955df412\",Properties:{textures:[0:{Value:\"eyJ0ZXh0dXJlcyI6eyJTS0lOIjp7InVybCI6Imh0dHA6Ly90ZXh0dXJlcy5taW5lY3JhZnQubmV0L3RleHR1cmUvZDU4NjcwNTUxZjdmZjEzYWZhYjIzOTMxOGExMGJhZDIzMjdlZTc0MmUxNTc4MzdlYTE3ODVlZjQ0M2QzYTU3NiJ9fX0\"}]}},display:{Lore:[0:\"§8Decoration item\",1:\"\",2:\"§f§lCOMMON\"],Name:\"§fMelon\"},ExtraAttributes:{id:\"BUILDER_MELON\"}}",
  "damage": 3,
  "lore": [
    "§8Decoration item",
    "",
    "§f§lCOMMON"
  ],
  "internalname": "BUILDER_MELON",
  "crafttext": "",
  "clickcommand": "",
  "modver": "2.0.0-REL",
  "infoType": "WIKI_URL",
  "info": [
    "https://hypixel-skyblock.fandom.com/wiki/Decorations"
  ]
}
