{
  "itemid": "minecraft:leather_chestplate",
  "displayname": "§6Burning Terror Chestplate",
  "nbttag": "{Unbreakable:1b,HideFlags:254,display:{Lore:[0:\"§7Crit Damage: §c+79%\",1:\"§7Health: §a+365\",2:\"§7Defense: §a+103\",3:\"§7Speed: §a+19\",4:\"§7Intelligence: §a+8\",5:\" §8[§8⚔§8] §8[§8⚔§8]\",6:\"\",7:\"§8Tiered Bonus: Hydra Strike (0/4)\",8:\"§7Hitting enemies grants §c1 §7stack of\",9:\"§7§6Hydra Strike ⁑§7.\",10:\"§7\",11:\"§7Each §6Hydra Strike ⁑ §7stack makes\",12:\"§7your arrows fly §c30% §7faster, and\",13:\"§7deal §c+10% §7more damage.\",14:\"§7\",15:\"§7At §c10 §7stacks your bow fires §d2\",16:\"§d§7extra arrows.\",17:\"§7\",18:\"§7Lose 1 stack after §c4s §7of not\",19:\"§7gaining a stack.\",20:\"\",21:\"§7§8This item can be reforged!\",22:\"§8§l* §8Co-op Soulbound §8§l*\",23:\"§6§lLEGENDARY CHESTPLATE\"],color:4064687,Name:\"§6Burning Terror Chestplate\"},ExtraAttributes:{id:\"BURNING_TERROR_CHESTPLATE\"}}",
  "damage": 0,
  "lore": [
    "§7Crit Damage: §c+79%",
    "§7Health: §a+365",
    "§7Defense: §a+103",
    "§7Speed: §a+19",
    "§7Intelligence: §a+8",
    " §8[§8⚔§8] §8[§8⚔§8]",
    "",
    "§8Tiered Bonus: Hydra Strike (0/4)",
    "§7Hitting enemies grants §c1 §7stack of",
    "§7§6Hydra Strike ⁑§7.",
    "§7",
    "§7Each §6Hydra Strike ⁑ §7stack makes",
    "§7your arrows fly §c30% §7faster, and",
    "§7deal §c+10% §7more damage.",
    "§7",
    "§7At §c10 §7stacks your bow fires §d2",
    "§d§7extra arrows.",
    "§7",
    "§7Lose 1 stack after §c4s §7of not",
    "§7gaining a stack.",
    "",
    "§7§8This item can be reforged!",
    "§8§l* §8Co-op Soulbound §8§l*",
    "§6§lLEGENDARY CHESTPLATE"
  ],
  "internalname": "BURNING_TERROR_CHESTPLATE",
  "crafttext": "",
  "clickcommand": "",
  "modver": "2.1.0-REL",
  "infoType": ""
}