{
  "itemid": "minecraft:leather_boots",
  "displayname": "§6Burning Hollow Boots",
  "nbttag": "{Unbreakable:1b,HideFlags:254,display:{Lore:[0:\"§7Strength: §c+24\",1:\"§7Crit Damage: §c+16%\",2:\"§7Health: §a+206\",3:\"§7Defense: §a+64\",4:\"§7Speed: §a+8\",5:\"§7Intelligence: §a+135\",6:\" §8[§8⚔§8] §8[§8⚔§8]\",7:\"\",8:\"§7§8This item can be reforged!\",9:\"§8§l* §8Co-op Soulbound §8§l*\",10:\"§6§lLEGENDARY BOOTS\"],color:14942202,Name:\"§6Burning Hollow Boots\"},ExtraAttributes:{id:\"BURNING_HOLLOW_BOOTS\"}}",
  "damage": 0,
  "lore": [
    "§7Strength: §c+24",
    "§7Crit Damage: §c+16%",
    "§7Health: §a+206",
    "§7Defense: §a+64",
    "§7Speed: §a+8",
    "§7Intelligence: §a+135",
    " §8[§8⚔§8] §8[§8⚔§8]",
    "",
    "§7§8This item can be reforged!",
    "§8§l* §8Co-op Soulbound §8§l*",
    "§6§lLEGENDARY BOOTS"
  ],
  "internalname": "BURNING_HOLLOW_BOOTS",
  "crafttext": "",
  "clickcommand": "",
  "modver": "2.1.0-REL",
  "infoType": ""
}