{
  "itemid": "minecraft:leather_chestplate",
  "displayname": "§6Burning Hollow Chestplate",
  "nbttag": "{Unbreakable:1b,HideFlags:254,display:{Lore:[0:\"§7Strength: §c+24\",1:\"§7Crit Damage: §c+16%\",2:\"§7Health: §a+365\",3:\"§7Defense: §a+103\",4:\"§7Speed: §a+8\",5:\"§7Intelligence: §a+135\",6:\" §8[§8⚔§8] §8[§8⚔§8]\",7:\"\",8:\"§7§8This item can be reforged!\",9:\"§8§l* §8Co-op Soulbound §8§l*\",10:\"§6§lLEGENDARY CHESTPLATE\"],color:16763661,Name:\"§6Burning Hollow Chestplate\"},ExtraAttributes:{id:\"BURNING_HOLLOW_CHESTPLATE\"}}",
  "damage": 0,
  "lore": [
    "§7Strength: §c+24",
    "§7Crit Damage: §c+16%",
    "§7Health: §a+365",
    "§7Defense: §a+103",
    "§7Speed: §a+8",
    "§7Intelligence: §a+135",
    " §8[§8⚔§8] §8[§8⚔§8]",
    "",
    "§7§8This item can be reforged!",
    "§8§l* §8Co-op Soulbound §8§l*",
    "§6§lLEGENDARY CHESTPLATE"
  ],
  "internalname": "BURNING_HOLLOW_CHESTPLATE",
  "crafttext": "",
  "clickcommand": "",
  "modver": "2.1.0-REL",
  "infoType": ""
}