{
  "itemid": "minecraft:skull",
  "displayname": "§9Cactus Minion XII",
  "nbttag": "{HideFlags:254,SkullOwner:{Id:\"c79c654c-f62f-36d6-aa3c-2fdfce8a1a65\",Properties:{textures:[0:{Value:\"eyJ0ZXh0dXJlcyI6eyJTS0lOIjp7InVybCI6Imh0dHA6Ly90ZXh0dXJlcy5taW5lY3JhZnQubmV0L3RleHR1cmUvMTI1OTA1MzU3OWViODMwNzJmZTRkNWE1MzBiN2E2YTMxOGE2ZTAwMzU1MjU3MjA1YzEzMjQxNjZjYmExNGVlMCJ9fX0K\"}]}},display:{Lore:[0:\"§7Place this minion and it will\",1:\"§7start generating and harvesting\",2:\"§7cactus. Requires sand nearby so\",3:\"§7cacti can be planted. Minions\",4:\"§7also work when you are offline!\",5:\"\",6:\"§7Time Between Actions: §a12s\",7:\"§7Max Storage: §e960\"],Name:\"§9Cactus Minion XII\"},ExtraAttributes:{id:\"CACTUS_GENERATOR_12\",generator_tier:12}}",
  "damage": 3,
  "lore": [
    "§7Place this minion and it will",
    "§7start generating and harvesting",
    "§7cactus. Requires sand nearby so",
    "§7cacti can be planted. Minions",
    "§7also work when you are offline!",
    "",
    "§7Time Between Actions: §a12s",
    "§7Max Storage: §e960"
  ],
  "internalname": "CACTUS_GENERATOR_12",
  "crafttext": "",
  "clickcommand": "",
  "modver": "2.0.0-REL",
  "infoType": "WIKI_URL",
  "info": [
    "https://hypixel-skyblock.fandom.com/wiki/Cactus_Minion"
  ]
}
