{
  "itemid": "minecraft:skull",
  "displayname": "§5Campfire Scion Badge",
  "nbttag": "{HideFlags:254,SkullOwner:{Id:\"bfdfbbca-c2d6-3925-b42a-d2807d8f794d\",Properties:{textures:[0:{Value:\"eyJ0ZXh0dXJlcyI6eyJTS0lOIjp7InVybCI6Imh0dHA6Ly90ZXh0dXJlcy5taW5lY3JhZnQubmV0L3RleHR1cmUvYTNjZmQ5NGU5MjVlYWI0MzMwYTc2OGFmY2FlNmMxMjhiMGEyOGUyMzE0OWVlZTQxYzljNmRmODk0YzI0ZjNkZSJ9fX0=\"}]}},display:{Lore:[0:\"§7Heal §c32❤ §7per second\",1:\"§7while burning.\",2:\"\",3:\"§6Trial of Fire XVI\",4:\"§8§o\\\"Fire guy!\\\"\",5:\"\",6:\"§5§lEPIC ACCESSORY\"],Name:\"§5Campfire Scion Badge\"},ExtraAttributes:{id:\"CAMPFIRE_TALISMAN_15\",originTag:\"FIRE_TRIALS_1\"}}",
  "damage": 3,
  "lore": [
    "§7Heal §c32❤ §7per second",
    "§7while burning.",
    "",
    "§6Trial of Fire XVI",
    "§8§o\"Fire guy!\"",
    "",
    "§5§lEPIC ACCESSORY"
  ],
  "internalname": "CAMPFIRE_TALISMAN_15",
  "clickcommand": "",
  "modver": "2.0.0-REL",
  "infoType": "WIKI_URL",
  "info": [
    "https://hypixel-skyblock.fandom.com/wiki/Campfire_Badge"
  ]
}
