{
  "itemid": "minecraft:skull",
  "displayname": "§f§f§9Candy Corn",
  "nbttag": "{overrideMeta:1b,HideFlags:254,SkullOwner:{Id:\"a0abae4f-e197-39c8-9ddb-0d67166c127a\",Properties:{textures:[0:{Value:\"eyJ0ZXh0dXJlcyI6eyJTS0lOIjp7InVybCI6Imh0dHA6Ly90ZXh0dXJlcy5taW5lY3JhZnQubmV0L3RleHR1cmUvZmQ4Njc2N2Q0ZjFjYTI4NjhiNjc1Njk2YzcyMTc4Y2Q3NGM0ZWI2YzI4ZjNjN2FmYzgyZWRkMDkwY2EyY2E0NiJ9fX0\u003d\"}]}},display:{Lore:[0:\"§8Reforge Stone\",1:\"\",2:\"§7Can be used in a Reforge Anvil\",3:\"§7or with the Dungeon Blacksmith\",4:\"§7to apply the §9Candied §7reforge\",5:\"§7to armor.\",6:\"\",7:\"§9§lRARE REFORGE STONE\"],Name:\"§f§f§9Candy Corn\"},ExtraAttributes:{id:\"CANDY_CORN\"},AttributeModifiers:[]}",
  "damage": 3,
  "lore": [
    "§8Reforge Stone",
    "",
    "§7Can be used in a Reforge Anvil",
    "§7or with the Dungeon Blacksmith",
    "§7to apply the §9Candied §7reforge",
    "§7to armor.",
    "",
    "§9§lRARE REFORGE STONE"
  ],
  "internalname": "CANDY_CORN",
  "crafttext": "",
  "clickcommand": "",
  "modver": "1.7.1-REL",
  "infoType": "WIKI_URL",
  "info": [
    "https://hypixel-skyblock.fandom.com/wiki/Candy_Corn"
  ]
}
