{
  "itemid": "minecraft:skull",
  "displayname": "§9Carrot Minion XII",
  "nbttag": "{HideFlags:254,SkullOwner:{Id:\"93a30bae-bc0e-3640-b10e-860793577716\",Properties:{textures:[0:{Value:\"eyJ0ZXh0dXJlcyI6eyJTS0lOIjp7InVybCI6Imh0dHA6Ly90ZXh0dXJlcy5taW5lY3JhZnQubmV0L3RleHR1cmUvMmM0NTlmYzg4NDliZDhmMzhjNTc3OTA3Yjk5ODNmZGJlZjQwNjI4NTQzNzA4MmJmYTQ4NDVjZDNkNzUwNjVjOSJ9fX0K\"}]}},display:{Lore:[0:\"§7Place this minion and it will\",1:\"§7start generating and harvesting\",2:\"§7carrots. Requires dirt or soil\",3:\"§7nearby so carrots can be\",4:\"§7planted. Minions also work when\",5:\"§7you are offline!\",6:\"\",7:\"§7Time Between Actions: §a8s\",8:\"§7Max Storage: §e960\"],Name:\"§9Carrot Minion XII\"},ExtraAttributes:{id:\"CARROT_GENERATOR_12\",generator_tier:12}}",
  "damage": 3,
  "lore": [
    "§7Place this minion and it will",
    "§7start generating and harvesting",
    "§7carrots. Requires dirt or soil",
    "§7nearby so carrots can be",
    "§7planted. Minions also work when",
    "§7you are offline!",
    "",
    "§7Time Between Actions: §a8s",
    "§7Max Storage: §e960"
  ],
  "internalname": "CARROT_GENERATOR_12",
  "crafttext": "",
  "clickcommand": "",
  "modver": "2.0.0-REL",
  "infoType": "WIKI_URL",
  "info": [
    "https://hypixel-skyblock.fandom.com/wiki/Carrot_Minion"
  ]
}
