{
  "itemid": "minecraft:skull",
  "displayname": "§fCarrot Bait",
  "nbttag": "{HideFlags:254,SkullOwner:{Id:\"0842969c-2692-3bd7-8483-2b7b2c2b7f63\",Properties:{textures:[0:{Value:\"eyJ0ZXh0dXJlcyI6eyJTS0lOIjp7InVybCI6Imh0dHA6Ly90ZXh0dXJlcy5taW5lY3JhZnQubmV0L3RleHR1cmUvNGQzYTZiZDk4YWMxODMzYzY2NGM0OTA5ZmY4ZDJkYzYyY2U4ODdiZGNmM2NjNWIzODQ4NjUxYWU1YWY2YiJ9fX0\u003d\"}]}},display:{Lore:[0:\"§7§8Fishing Bait\",1:\"§7§8Consumes on Cast\",2:\"§7\",3:\"§7Chance of fishing up... a\",4:\"§7rabbit?\",5:\"\",6:\"§f§lCOMMON BAIT\"],Name:\"§fCarrot Bait\"},ExtraAttributes:{id:\"CARROT_BAIT\"}}",
  "damage": 3,
  "lore": [
    "§7§8Fishing Bait",
    "§7§8Consumes on Cast",
    "§7",
    "§7Chance of fishing up... a",
    "§7rabbit?",
    "",
    "§f§lCOMMON BAIT"
  ],
  "recipe": {
    "A1": "",
    "A2": "",
    "A3": "",
    "B1": "CARROT_ITEM:1",
    "B2": "RAW_FISH:1",
    "B3": "",
    "C1": "",
    "C2": "",
    "C3": ""
  },
  "internalname": "CARROT_BAIT",
  "clickcommand": "viewrecipe",
  "modver": "1.5-REL",
  "crafttext": "",
  "infoType": "WIKI_URL",
  "info": [
    "https://hypixel-skyblock.fandom.com/wiki/Fishing_Bait"
  ]
}
